{
    "parent": "item/generated",
    "textures": {
        "layer0": "item/crossbow/boltgun"
    },
    "display": {
        "thirdperson_righthand": {
            "rotation": [0, 90, 0],
            "translation": [ 1.13, 3.2, 1.13],
            "scale": [1.5, 1.5, 1.5]
        },
        "thirdperson_lefthand": {
            "rotation": [0, -90, 0],
            "translation": [ 1.13, 3.2, 1.13],
            "scale": [1.5, 1.5, 1.5]
        },
        "firstperson_righthand": {
             "rotation": [0, 90, 0],
            "translation": [ 1.13, 3.2, 1.13],
            "scale": [1.0, 1.0, 1.0]
        },
        "firstperson_lefthand": {
            "rotation": [0, -90, 0],
            "translation": [ 1.13, 3.2, 1.13],
            "scale": [1.0, 1.0, 1.0]
        }
    }
}
