{
    "parent": "item/bow",
    "textures": {
        "layer0": "item/bow/synaptic_disintegrator_1"
    },
    "display": {
        "thirdperson_righthand": {
            "rotation": [90,90,-90],
            "translation": [ -1, -2, 2.5 ],
            "scale": [ 2.0, 2.0, 2.0]
        },
        "thirdperson_lefthand": {
            "rotation": [90,-90,90],
            "translation": [ -1, -2, 2.5 ],
            "scale": [ 2.0, 2.0, 2.0]
        },
        "firstperson_righthand": {
            "rotation": [90,90,-90],
            "translation": [ 1.13, 3.2, 1.13],
            "scale": [ 1.5, 1.5, 1.5]
        },
        "firstperson_lefthand": {
            "rotation": [90,-90,90],
            "translation": [ 1.13, 3.2, 1.13],
            "scale": [ 1.5, 1.5, 1.5]
        }
}}
