{
    "parent": "item/generated",
    "textures": {
        "layer0": "item/bow/synaptic_disintegrator"
    },
    "display": {
        "thirdperson_righthand": {
            "rotation": [180,90,-90],
            "translation": [ -1, -2, 2.5 ],
            "scale": [ 2.0, 2.0, 2.0]
        },
        "thirdperson_lefthand": {
            "rotation": [180,-90,90],
            "translation": [ -1, -2, 2.5 ],
            "scale": [ 2.0, 2.0, 2.0]
        },
        "firstperson_righthand": {
            "rotation": [90,90,-90],
            "translation": [ 1.13, 3.2, 1.13],
            "scale": [ 1.5, 1.5, 1.5]
        },
        "firstperson_lefthand": {
            "rotation": [90,-90,90],
            "translation": [ 1.13, 3.2, 1.13],
            "scale": [ 1.5, 1.5, 1.5]
        }
    },
    "overrides": [
        {
            "predicate": {
                "pulling": 1
            },
            "model": "item/bow_pulling_0"
        },
        {
            "predicate": {
                "pulling": 1,
                "pull": 0.65
            },
            "model": "item/bow_pulling_1"
        },
        {
            "predicate": {
                "pulling": 1,
                "pull": 0.9
            },
            "model": "item/bow_pulling_2"
        }
    ]
}
